{
  "type": "minecraft:block",
  "pools": [
    {
      "bonus_rolls": 0.0,
      "conditions": [
        {
          "condition": "minecraft:match_tool",
          "predicate": {
            "items": [
              "minecraft:shears"
            ]
          }
        }
      ],
      "entries": [
        {
          "type": "minecraft:item",
          "name": "locusazzurro_icaruswings:elysian_grass"
        }
      ],
      "rolls": 1.0
    }
  ],
  "random_sequence": "locusazzurro_icaruswings:blocks/elysian_grass"
}