{
  "parent": "locusazzurro_icaruswings:recipes/root",
  "rewards": {
    "recipes": [
      "locusazzurro_icaruswings:golden_feather_helmet"
    ]
  },
  "criteria": {
    "has_feather": {
      "trigger": "minecraft:inventory_changed",
      "conditions": {
        "items": [
          {
            "items": ["locusazzurro_icaruswings:golden_feather_bunch"]
          }
        ]
      }
    },
    "has_leather": {
      "trigger": "minecraft:inventory_changed",
      "conditions": {
        "items": [
          {
            "items": ["minecraft:leather"]
          }
        ]
      }
    },
    "has_the_recipe": {
      "trigger": "minecraft:recipe_unlocked",
      "conditions": {
        "recipe": "locusazzurro_icaruswings:golden_feather_helmet"
      }
    }
  },
  "requirements": [
    [
      "has_feather",
      "has_the_recipe"
    ],
    [
      "has_leather",
      "has_the_recipe"
    ]
  ]
}