{
  "parent": "locusazzurro_icaruswings:recipes/root",
  "rewards": {
    "recipes": [
      "locusazzurro_icaruswings:golden_wool_carpet"
    ]
  },
  "criteria": {
    "has_wool": {
      "trigger": "minecraft:inventory_changed",
      "conditions": {
        "items": [
          {
            "items": ["locusazzurro_icaruswings:golden_wool_block"]
          }
        ]
      }
    },
    "has_the_recipe": {
      "trigger": "minecraft:recipe_unlocked",
      "conditions": {
        "recipe": "locusazzurro_icaruswings:golden_wool_carpet"
      }
    }
  },
  "requirements": [
    [
      "has_wool",
      "has_the_recipe"
    ]
  ]
}