{
  "parent": "locusazzurro_icaruswings:recipes/root",
  "rewards": {
    "recipes": [
      "locusazzurro_icaruswings:herbal_crown"
    ]
  },
  "criteria": {
    "has_grass": {
      "trigger": "minecraft:inventory_changed",
      "conditions": {
        "items": [
          {
            "tag": "locusazzurro_icaruswings:herbs"
          }
        ]
      }
    },
    "has_the_recipe": {
      "trigger": "minecraft:recipe_unlocked",
      "conditions": {
        "recipe": "locusazzurro_icaruswings:herbal_crown"
      }
    }
  },
  "requirements": [
    [
      "has_grass",
      "has_the_recipe"
    ]
  ]
}