{
  "parent": "minecraft:recipes/root",
  "rewards": {
    "recipes": [
      "locusazzurro_icaruswings:honey_cake"
    ]
  },
  "criteria": {
    "has_egg": {
      "trigger": "minecraft:inventory_changed",
      "conditions": {
        "items": [
          {
            "items": [
              "minecraft:egg"
            ]
          }
        ]
      }
    },
    "has_grains": {
      "trigger": "minecraft:inventory_changed",
      "conditions": {
        "items": [
          {
            "tag": "locusazzurro_icaruswings:crop_grains"
          }
        ]
      }
    },
    "has_honey": {
      "trigger": "minecraft:inventory_changed",
      "conditions": {
        "items": [
          {
            "items": [
              "minecraft:honey_bottle"
            ]
          }
        ]
      }
    },
    "has_milk": {
      "trigger": "minecraft:inventory_changed",
      "conditions": {
        "items": [
          {
            "items": [
              "minecraft:milk_bucket"
            ]
          }
        ]
      }
    },
    "has_the_recipe": {
      "trigger": "minecraft:recipe_unlocked",
      "conditions": {
        "recipe": "locusazzurro_icaruswings:honey_cake"
      }
    }
  },
  "requirements": [
    [
      "has_egg",
      "has_the_recipe"
    ],
    [
      "has_grains",
      "has_the_recipe"
    ],
    [
      "has_honey",
      "has_the_recipe"
    ],
    [
      "has_milk",
      "has_the_recipe"
    ]
  ]
}