{
  "parent": "locusazzurro_icaruswings:recipes/root",
  "rewards": {
    "recipes": [
      "locusazzurro_icaruswings:mead_pot"
    ]
  },
  "criteria": {
    "has_terracotta": {
      "trigger": "minecraft:inventory_changed",
      "conditions": {
        "items": [
          {
            "items": ["minecraft:terracotta"]
          }
        ]
      }
    },
    "has_the_recipe": {
      "trigger": "minecraft:recipe_unlocked",
      "conditions": {
        "recipe": "locusazzurro_icaruswings:mead_pot"
      }
    }
  },
  "requirements": [
    [
      "has_terracotta",
      "has_the_recipe"
    ]
  ]
}