{
  "parent": "locusazzurro_icaruswings:recipes/root",
  "rewards": {
    "recipes": [
      "locusazzurro_icaruswings:zephir_infused_mead",
	  "locusazzurro_icaruswings:nether_infused_mead",
	  "locusazzurro_icaruswings:void_infused_mead"
    ]
  },
  "criteria": {
    "has_mead": {
      "trigger": "minecraft:inventory_changed",
      "conditions": {
        "items": [
          {
            "items": ["locusazzurro_icaruswings:mead"]
          }
        ]
      }
    },
    "has_essence": {
      "trigger": "minecraft:inventory_changed",
      "conditions": {
        "items": [
          {
            "tag": "locusazzurro_icaruswings:world_essences"
          }
        ]
      }
    },
    "has_the_recipe": {
      "trigger": "minecraft:recipe_unlocked",
      "conditions": {
        "recipe": "locusazzurro_icaruswings:zephir_infused_mead"
      }
    }
  },
  "requirements": [
    [
      "has_mead",
      "has_the_recipe"
    ],
    [
      "has_essence",
      "has_the_recipe"
    ]
  ]
}