{
  "parent": "locusazzurro_icaruswings:recipes/root",
  "rewards": {
    "recipes": [
      "locusazzurro_icaruswings:herbs_infused_mead",
	  "locusazzurro_icaruswings:golden_apple_infused_mead"
    ]
  },
  "criteria": {
    "has_mead": {
      "trigger": "minecraft:inventory_changed",
      "conditions": {
        "items": [
          {
            "items": ["locusazzurro_icaruswings:mead"]
          }
        ]
      }
    },
    "has_the_recipe": {
      "trigger": "minecraft:recipe_unlocked",
      "conditions": {
        "recipe": "locusazzurro_icaruswings:herbs_infused_mead"
      }
    }
  },
  "requirements": [
    [
      "has_mead",
      "has_the_recipe"
    ]
  ]
}