{
  "parent": "locusazzurro_icaruswings:recipes/root",
  "rewards": {
    "recipes": [
      "locusazzurro_icaruswings:wooden_spear"
    ]
  },
  "criteria": {
    "has_planks": {
      "trigger": "minecraft:inventory_changed",
      "conditions": {
        "items": [
          {
            "tag": "minecraft:planks"
          }
        ]
      }
    },
    "has_material": {
      "trigger": "minecraft:inventory_changed",
      "conditions": {
        "items": [
          {
            "tag": "minecraft:logs"
          }
        ]
      }
    },
    "has_the_recipe": {
      "trigger": "minecraft:recipe_unlocked",
      "conditions": {
        "recipe": "locusazzurro_icaruswings:wooden_spear"
      }
    }
  },
  "requirements": [
    [
      "has_planks",
      "has_the_recipe"
    ],
    [
      "has_material",
      "has_the_recipe"
    ]
  ]
}