{
  "parent": "locusazzurro_icaruswings:recipes/root",
  "rewards": {
    "recipes": [
      "locusazzurro_icaruswings:daedalus_decryptor"
    ]
  },
  "criteria": {
    "has_manuscript": {
      "trigger": "minecraft:inventory_changed",
      "conditions": {
        "items": [
          {
            "items": ["locusazzurro_icaruswings:daedalus_manuscript"]
          }
        ]
      }
    },
    "has_relic": {
      "trigger": "minecraft:inventory_changed",
      "conditions": {
        "items": [
          {
            "tag": "locusazzurro_icaruswings:fallen_relics"
          }
        ]
      }
    },
    "has_the_recipe": {
      "trigger": "minecraft:recipe_unlocked",
      "conditions": {
        "recipe": "locusazzurro_icaruswings:daedalus_decryptor"
      }
    }
  },
  "requirements": [
    [
      "has_manuscript",
      "has_the_recipe"
    ],
    [
      "has_relic",
      "has_the_recipe"
    ]
  ]
}