{
  "parent": "locusazzurro_icaruswings:recipes/root",
  "rewards": {
    "recipes": [
      "locusazzurro_icaruswings:disc_ring_my_bell"
    ]
  },
  "criteria": {
    "has_base_disc": {
      "trigger": "minecraft:inventory_changed",
      "conditions": {
        "items": [
          {
            "items": ["minecraft:music_disc_cat"]
          }
        ]
      }
    },
    "has_the_recipe": {
      "trigger": "minecraft:recipe_unlocked",
      "conditions": {
        "recipe": "locusazzurro_icaruswings:disc_ring_my_bell"
      }
    }
  },
  "requirements": [
    [
      "has_base_disc",
      "has_the_recipe"
    ]
  ]
}