{
  "parent": "locusazzurro_icaruswings:recipes/root",
  "rewards": {
    "recipes": [
      "locusazzurro_icaruswings:fallen_relic_upgrade_core"
    ]
  },
  "criteria": {
    "has_first_gen": {
      "trigger": "minecraft:inventory_changed",
      "conditions": {
        "items": [
          {
            "items": ["locusazzurro_icaruswings:ikaros_wings"]
          }
        ]
      }
    },
    "has_the_recipe": {
      "trigger": "minecraft:recipe_unlocked",
      "conditions": {
        "recipe": "locusazzurro_icaruswings:fallen_relic_restoration_core"
      }
    }
  },
  "requirements": [
    [
      "has_first_gen",
      "has_the_recipe"
    ]
  ]
}