{
  "parent": "locusazzurro_icaruswings:recipes/root",
  "rewards": {
    "recipes": [
      "locusazzurro_icaruswings:chaos_wings",
	  "locusazzurro_icaruswings:hiyori_wings",
	  "locusazzurro_icaruswings:melan_wings"
    ]
  },
  "criteria": {
    "has_core": {
      "trigger": "minecraft:inventory_changed",
      "conditions": {
        "items": [
          {
            "items": ["locusazzurro_icaruswings:upgraded_fallen_relic_core"]
          }
        ]
      }
    },
    "has_the_recipe": {
      "trigger": "minecraft:recipe_unlocked",
      "conditions": {
        "recipe": "locusazzurro_icaruswings:melan_wings"
      }
    }
  },
  "requirements": [
    [
      "has_core",
      "has_the_recipe"
    ]
  ]
}