{
  "parent": "locusazzurro_icaruswings:past/root",
  "display": {
    "icon": {
      "item": "locusazzurro_icaruswings:red_feather"
    },
    "title": {
      "translate": "advancements.locusazzurro_icaruswings.past.all_colored_feathers.title"
    },
    "description": {
      "translate": "advancements.locusazzurro_icaruswings.past.all_colored_feathers.description"
    },
    "frame": "challenge",
    "show_toast": true,
    "announce_to_chat": true,
    "hidden": false
  },
  "rewards": {
	  "experience": 50
  },
  "criteria": {
    "red_feather": {
      "trigger": "minecraft:inventory_changed",
      "conditions": {
        "items": [
          {
            "items": ["locusazzurro_icaruswings:red_feather"]
          }
        ]
      }
    },
    "blue_feather": {
      "trigger": "minecraft:inventory_changed",
      "conditions": {
        "items": [
          {
            "items": ["locusazzurro_icaruswings:blue_feather"]
          }
        ]
      }
    },
    "green_feather": {
      "trigger": "minecraft:inventory_changed",
      "conditions": {
        "items": [
          {
            "items": ["locusazzurro_icaruswings:green_feather"]
          }
        ]
      }
    },
    "cyan_feather": {
      "trigger": "minecraft:inventory_changed",
      "conditions": {
        "items": [
          {
            "items": ["locusazzurro_icaruswings:cyan_feather"]
          }
        ]
      }
    },
    "gray_feather": {
      "trigger": "minecraft:inventory_changed",
      "conditions": {
        "items": [
          {
            "items": ["locusazzurro_icaruswings:gray_feather"]
          }
        ]
      }
    }
  },
  "requirements": [
    [
      "red_feather"
    ],
	[
      "blue_feather"
    ],
	[
      "green_feather"
    ],
	[
      "cyan_feather"
    ],
	[
      "gray_feather"
    ]
  ]
}