{
  "parent": "locusazzurro_icaruswings:past/root",
  "display": {
    "icon": {
      "item": "locusazzurro_icaruswings:linen_cloak"
    },
    "title": {
      "translate": "advancements.locusazzurro_icaruswings.past.linen_cloth.title"
    },
    "description": {
      "translate": "advancements.locusazzurro_icaruswings.past.linen_cloth.description"
    },
    "frame": "task",
    "show_toast": true,
    "announce_to_chat": true,
    "hidden": false
  },
  "criteria": {
    "cloak": {
      "trigger": "minecraft:inventory_changed",
      "conditions": {
        "items": [
          {
            "items": ["locusazzurro_icaruswings:linen_cloak"]
          }
        ]
      }
    },
    "undergarment": {
      "trigger": "minecraft:inventory_changed",
      "conditions": {
        "items": [
          {
            "items": ["locusazzurro_icaruswings:linen_undergarment"]
          }
        ]
      }
    }
  },
  "requirements": [
    [
      "cloak",
	  "undergarment"
    ]
  ]
}