{
  "parent": "locusazzurro_icaruswings:past/root",
  "display": {
    "icon": {
      "item": "locusazzurro_icaruswings:beeswax"
    },
    "title": {
      "translate": "advancements.locusazzurro_icaruswings.past.obtain_beeswax.title"
    },
    "description": {
      "translate": "advancements.locusazzurro_icaruswings.past.obtain_beeswax.description"
    },
    "frame": "task",
    "show_toast": true,
    "announce_to_chat": true,
    "hidden": false
  },
  "criteria": {
    "beeswax": {
      "trigger": "minecraft:inventory_changed",
      "conditions": {
        "items": [
          {
            "items": ["locusazzurro_icaruswings:beeswax"]
          }
        ]
      }
    }
  },
  "requirements": [
    [
      "beeswax"
    ]
  ]
}