{
  "parent": "locusazzurro_icaruswings:past/obtain_beeswax",
  "display": {
    "icon": {
      "item": "locusazzurro_icaruswings:refined_beeswax_bar"
    },
    "title": {
      "translate": "advancements.locusazzurro_icaruswings.past.refine_beeswax.title"
    },
    "description": {
      "translate": "advancements.locusazzurro_icaruswings.past.refine_beeswax.description"
    },
    "frame": "task",
    "show_toast": true,
    "announce_to_chat": true,
    "hidden": false
  },
  "criteria": {
    "refined_beeswax": {
      "trigger": "minecraft:inventory_changed",
      "conditions": {
        "items": [
          {
            "items": ["locusazzurro_icaruswings:refined_beeswax_bar"]
          }
        ]
      }
    }
  },
  "requirements": [
    [
      "refined_beeswax"
    ]
  ]
}