{
  "display": {
    "icon": {
      "item": "minecraft:feather"
    },
    "title": {
      "translate": "advancements.locusazzurro_icaruswings.past.root.title"
    },
    "description": {
      "translate": "advancements.locusazzurro_icaruswings.past.root.description"
    },
    "frame": "task",
    "show_toast": false,
    "announce_to_chat": false,
    "hidden": false,
    "background": "locusazzurro_icaruswings:textures/gui/advancements/backgrounds/past.png"
  },
  "criteria": {
    "feather": {
      "trigger": "minecraft:inventory_changed",
      "conditions": {
        "items": [
          {
            "items": ["minecraft:feather"]
          }
        ]
      }
    },
    "honeycomb": {
      "trigger": "minecraft:inventory_changed",
      "conditions": {
        "items": [
          {
            "items": ["minecraft:honeycomb"]
          }
        ]
      }
    }
  },
  "requirements": [
    [
      "feather",
	  "honeycomb"
    ]
  ]
}