{
	"credit": "Made with Blockbench",
	"textures": {
		"1": "minecraft:block/terracotta",
		"particle": "minecraft:block/terracotta"
	},
	"elements": [
		{
			"name": "lower_main",
			"from": [2, 4, 2],
			"to": [14, 13, 14],
			"faces": {
				"north": {"uv": [2, 3, 14, 12], "texture": "#1"},
				"east": {"uv": [2, 3, 14, 12], "texture": "#1"},
				"south": {"uv": [2, 3, 14, 12], "texture": "#1"},
				"west": {"uv": [2, 3, 14, 12], "texture": "#1"},
				"up": {"uv": [2, 2, 14, 14], "texture": "#1"},
				"down": {"uv": [2, 2, 14, 14], "texture": "#1"}
			}
		},
		{
			"name": "lower_bottom",
			"from": [3, 1, 3],
			"to": [13, 4, 13],
			"faces": {
				"north": {"uv": [3, 12, 13, 15], "texture": "#1"},
				"east": {"uv": [3, 12, 13, 15], "texture": "#1"},
				"south": {"uv": [3, 12, 13, 15], "texture": "#1"},
				"west": {"uv": [3, 12, 13, 15], "texture": "#1"},
				"up": {"uv": [2, 2, 14, 14], "texture": "#1"},
				"down": {"uv": [2, 2, 14, 14], "texture": "#1"}
			}
		},
		{
			"name": "lower_bottom_b",
			"from": [4, 0, 4],
			"to": [12, 2, 12],
			"faces": {
				"north": {"uv": [4, 15, 12, 16], "texture": "#1"},
				"east": {"uv": [4, 15, 12, 16], "texture": "#1"},
				"south": {"uv": [4, 15, 12, 16], "texture": "#1"},
				"west": {"uv": [4, 15, 12, 16], "texture": "#1"},
				"up": {"uv": [4, 4, 12, 12], "texture": "#1"},
				"down": {"uv": [4, 4, 12, 12], "texture": "#1"}
			}
		},
		{
			"name": "lower_top",
			"from": [3, 13, 3],
			"to": [13, 16, 13],
			"faces": {
				"north": {"uv": [3, 0, 13, 3], "texture": "#1"},
				"east": {"uv": [3, 0, 13, 3], "texture": "#1"},
				"south": {"uv": [3, 0, 13, 3], "texture": "#1"},
				"west": {"uv": [3, 0, 13, 3], "texture": "#1"},
				"up": {"uv": [3, 3, 13, 13], "texture": "#1"},
				"down": {"uv": [3, 2, 13, 13], "texture": "#1"}
			}
		}
	],
	"groups": [
		{
			"name": "lower",
			"origin": [0, 0, 0],
			"color": 0,
			"children": [0, 1, 2, 3]
		}
	]
}