{
	"credit": "Made with Blockbench",
	"textures": {
		"1": "minecraft:block/terracotta",
		"particle": "minecraft:block/terracotta"
	},
	"elements": [
		{
			"name": "upper_top",
			"from": [5, 11, 5],
			"to": [11, 13, 11],
			"faces": {
				"north": {"uv": [5, 3, 11, 5], "texture": "#1"},
				"east": {"uv": [5, 3, 11, 5], "texture": "#1"},
				"south": {"uv": [5, 3, 11, 5], "texture": "#1"},
				"west": {"uv": [5, 3, 11, 5], "texture": "#1"},
				"up": {"uv": [5, 5, 11, 11], "texture": "#1"},
				"down": {"uv": [5, 5, 11, 11], "texture": "#1"}
			}
		},
		{
			"name": "upper_mid_m",
			"from": [6, 4, 6],
			"to": [10, 11, 10],
			"faces": {
				"north": {"uv": [6, 5, 10, 12], "texture": "#1"},
				"east": {"uv": [6, 5, 10, 12], "texture": "#1"},
				"south": {"uv": [6, 5, 10, 12], "texture": "#1"},
				"west": {"uv": [6, 5, 10, 12], "texture": "#1"},
				"up": {"uv": [6, 6, 10, 10], "texture": "#1"},
				"down": {"uv": [6, 6, 10, 10], "texture": "#1"}
			}
		},
		{
			"name": "upper_mid_b",
			"from": [5, 3, 5],
			"to": [11, 4, 11],
			"faces": {
				"north": {"uv": [5, 12, 11, 13], "texture": "#1"},
				"east": {"uv": [5, 12, 11, 13], "texture": "#1"},
				"south": {"uv": [5, 12, 11, 13], "texture": "#1"},
				"west": {"uv": [5, 12, 11, 13], "texture": "#1"},
				"up": {"uv": [5, 5, 11, 11], "texture": "#1"},
				"down": {"uv": [5, 5, 11, 11], "texture": "#1"}
			}
		},
		{
			"name": "upper_bottom",
			"from": [4, 0, 4],
			"to": [12, 3, 12],
			"faces": {
				"north": {"uv": [4, 13, 12, 16], "texture": "#1"},
				"east": {"uv": [4, 13, 12, 16], "texture": "#1"},
				"south": {"uv": [4, 13, 12, 16], "texture": "#1"},
				"west": {"uv": [4, 13, 12, 16], "texture": "#1"},
				"up": {"uv": [4, 4, 12, 12], "texture": "#1"},
				"down": {"uv": [4, 4, 12, 12], "texture": "#1"}
			}
		},
		{
			"name": "handle.1",
			"from": [7, -2, 2.9],
			"to": [9, 3, 4.1],
			"rotation": {"angle": -22.5, "axis": "x", "origin": [8, 0, 4]},
			"faces": {
				"north": {"uv": [7, 11, 9, 16], "texture": "#1"},
				"east": {"uv": [9, 11, 10, 16], "texture": "#1"},
				"south": {"uv": [7, 11, 9, 16], "texture": "#1"},
				"west": {"uv": [6, 11, 7, 16], "texture": "#1"},
				"up": {"uv": [7, 11, 9, 12], "texture": "#1"},
				"down": {"uv": [7, 0, 9, 1], "texture": "#1"}
			}
		},
		{
			"name": "handle.2",
			"from": [7.1, 2, 2],
			"to": [8.9, 7, 2.9],
			"rotation": {"angle": 0, "axis": "y", "origin": [0, -16, 1]},
			"faces": {
				"north": {"uv": [7, 6, 8.8, 11], "texture": "#1"},
				"east": {"uv": [9, 6, 10, 11], "texture": "#1"},
				"south": {"uv": [7, 6, 8.8, 11], "texture": "#1"},
				"west": {"uv": [6, 6, 7, 11], "texture": "#1"},
				"up": {"uv": [7, 5, 9, 6], "texture": "#1"},
				"down": {"uv": [7, 11, 9, 12], "texture": "#1"}
			}
		},
		{
			"name": "handle.3",
			"from": [7, 7, 1.9],
			"to": [9, 11, 3.1],
			"rotation": {"angle": 22.5, "axis": "x", "origin": [8, 7, 2]},
			"faces": {
				"north": {"uv": [7, 2, 9, 6], "texture": "#1"},
				"east": {"uv": [9, 2, 10, 6], "texture": "#1"},
				"south": {"uv": [7, 2, 9, 6], "texture": "#1"},
				"west": {"uv": [6, 2, 7, 6], "texture": "#1"},
				"up": {"uv": [7, 1, 9, 2], "texture": "#1"},
				"down": {"uv": [7, 6, 9, 7], "texture": "#1"}
			}
		},
		{
			"name": "handle.4",
			"from": [7.1, 9.6, 3.5],
			"to": [8.9, 10.7, 7],
			"rotation": {"angle": 0, "axis": "x", "origin": [8, 11, 4]},
			"faces": {
				"north": {"uv": [7, 0, 9, 1], "rotation": 180, "texture": "#1"},
				"east": {"uv": [9, 0, 10, 4], "rotation": 270, "texture": "#1"},
				"south": {"uv": [7, 0, 9, 1], "texture": "#1"},
				"west": {"uv": [6, 0, 7, 4], "rotation": 90, "texture": "#1"},
				"up": {"uv": [7, 0, 9, 3.5], "rotation": 180, "texture": "#1"},
				"down": {"uv": [7, 0, 9, 3.5], "texture": "#1"}
			}
		},
		{
			"name": "handle.2",
			"from": [7, -2, 11.9],
			"to": [9, 3, 13.1],
			"rotation": {"angle": 22.5, "axis": "x", "origin": [8, 0, 12]},
			"faces": {
				"north": {"uv": [9, 11, 7, 16], "texture": "#1"},
				"east": {"uv": [10, 11, 9, 16], "texture": "#1"},
				"south": {"uv": [9, 11, 7, 16], "texture": "#1"},
				"west": {"uv": [7, 11, 6, 16], "texture": "#1"},
				"up": {"uv": [7, 12, 9, 11], "texture": "#1"},
				"down": {"uv": [7, 1, 9, 0], "texture": "#1"}
			}
		},
		{
			"name": "handle.3",
			"from": [7.1, 2, 13.1],
			"to": [8.9, 7, 14],
			"rotation": {"angle": 0, "axis": "y", "origin": [0, -16, 15]},
			"faces": {
				"north": {"uv": [8.8, 6, 7, 11], "texture": "#1"},
				"east": {"uv": [10, 6, 9, 11], "texture": "#1"},
				"south": {"uv": [8.8, 6, 7, 11], "texture": "#1"},
				"west": {"uv": [7, 6, 6, 11], "texture": "#1"},
				"up": {"uv": [7, 6, 9, 5], "texture": "#1"},
				"down": {"uv": [7, 12, 9, 11], "texture": "#1"}
			}
		},
		{
			"name": "handle.4",
			"from": [7, 7, 12.9],
			"to": [9, 11, 14.1],
			"rotation": {"angle": -22.5, "axis": "x", "origin": [8, 7, 14]},
			"faces": {
				"north": {"uv": [9, 2, 7, 6], "texture": "#1"},
				"east": {"uv": [10, 2, 9, 6], "texture": "#1"},
				"south": {"uv": [9, 2, 7, 6], "texture": "#1"},
				"west": {"uv": [7, 2, 6, 6], "texture": "#1"},
				"up": {"uv": [7, 2, 9, 1], "texture": "#1"},
				"down": {"uv": [7, 7, 9, 6], "texture": "#1"}
			}
		},
		{
			"name": "handle.5",
			"from": [7.1, 9.6, 9],
			"to": [8.9, 10.7, 12.5],
			"rotation": {"angle": 0, "axis": "x", "origin": [8, 11, 12]},
			"faces": {
				"north": {"uv": [9, 0, 7, 1], "texture": "#1"},
				"east": {"uv": [9, 4, 10, 0], "rotation": 270, "texture": "#1"},
				"south": {"uv": [9, 0, 7, 1], "rotation": 180, "texture": "#1"},
				"west": {"uv": [6, 4, 7, 0], "rotation": 90, "texture": "#1"},
				"up": {"uv": [7, 3.5, 9, 0], "rotation": 180, "texture": "#1"},
				"down": {"uv": [7, 3.5, 9, 0], "texture": "#1"}
			}
		}
	],
	"groups": [
		{
			"name": "upper",
			"origin": [0, 0, 0],
			"color": 0,
			"children": [0, 1, 2, 3]
		},
		{
			"name": "handle.l",
			"origin": [8, 11, 3],
			"color": 0,
			"children": [4, 5, 6, 7]
		},
		{
			"name": "handle.r",
			"origin": [8, 11, 3],
			"color": 0,
			"children": [8, 9, 10, 11]
		}
	]
}