{
  "textures": {
    "particle": "locusazzurro_icaruswings:block/honey_cake_side",
    "bottom": "locusazzurro_icaruswings:block/honey_cake_bottom",
    "top": "locusazzurro_icaruswings:block/honey_cake_top",
    "side": "locusazzurro_icaruswings:block/honey_cake_side",
    "inside": "locusazzurro_icaruswings:block/honey_cake_inner"
  },
  "elements": [
    {   "from": [ 11, 0, 1 ],
      "to": [ 15, 8, 15 ],
      "faces": {
        "down":  { "texture": "#bottom", "cullface": "down" },
        "up":    { "texture": "#top" },
        "north": { "texture": "#side" },
        "south": { "texture": "#side" },
        "west":  { "texture": "#inside" },
        "east":  { "texture": "#side" }
      }
    }
  ]
}
