{
    "ambientocclusion": false,
    "textures": {
        "particle": "locusazzurro_icaruswings:block/mead_pot_side",
        "top": "locusazzurro_icaruswings:block/mead_pot_top",
        "bottom": "locusazzurro_icaruswings:block/mead_pot_bottom",
        "side": "locusazzurro_icaruswings:block/mead_pot_side",
        "inside": "locusazzurro_icaruswings:block/mead_pot_inner",
        "water": "locusazzurro_icaruswings:block/mead_pot_honey"
    },
    "elements": [
        {
            "from": [ 0, 0, 0 ],
            "to": [ 2, 16, 16 ],
            "faces": {
                "north": { "texture": "#side"},
                "east": { "texture": "#side"},
                "south": { "texture": "#side"},
                "west": { "texture": "#side"},
                "up": { "texture": "#top", "cullface": "up" },
                "down": { "texture": "#bottom", "cullface": "down" }
            }
        },
		{
            "from": [ 0, 0, 0 ],
            "to": [ 16, 16, 2 ],
            "faces": {
                "north": { "texture": "#side"},
                "east": { "texture": "#side"},
                "south": { "texture": "#side"},
                "west": { "texture": "#side"},
                "up": { "texture": "#top", "cullface": "up" },
                "down": { "texture": "#bottom", "cullface": "down" }
            }
        },
		{
            "from": [ 0, 0, 14 ],
            "to": [ 16, 16, 16 ],
            "faces": {
                "north": { "texture": "#side"},
                "east": { "texture": "#side"},
                "south": { "texture": "#side"},
                "west": { "texture": "#side"},
                "up": { "texture": "#top", "cullface": "up" },
                "down": { "texture": "#bottom", "cullface": "down" }
            }
        },
		{
            "from": [ 14, 0, 0 ],
            "to": [ 16, 16, 16 ],
            "faces": {
                "north": { "texture": "#side"},
                "east": { "texture": "#side"},
                "south": { "texture": "#side"},
                "west": { "texture": "#side"},
                "up": { "texture": "#top", "cullface": "up" },
                "down": { "texture": "#bottom", "cullface": "down" }
            }
        },
				{
            "from": [ 0, 0, 0 ],
            "to": [ 16, 2, 16 ],
            "faces": {
                "north": { "texture": "#side"},
                "east": { "texture": "#side"},
                "south": { "texture": "#side"},
                "west": { "texture": "#side"},
                "up": { "texture": "#inside", "cullface": "up" },
                "down": { "texture": "#bottom", "cullface": "down" }
            }
        },
        {
            "from": [ 2, 2, 2 ],
            "to": [ 15, 15, 15 ],
            "faces": {
                "up": { "texture": "#water", "cullface": "up" }
            }
        }
    ]
}
