{
  "variants": {
    "age=0": {
      "model": "locusazzurro_icaruswings:block/flax_stage0"
    },
    "age=1": {
      "model": "locusazzurro_icaruswings:block/flax_stage1"
    },
    "age=2": {
      "model": "locusazzurro_icaruswings:block/flax_stage2"
    },
    "age=3": {
      "model": "locusazzurro_icaruswings:block/flax_stage3"
    },
    "age=4": {
      "model": "locusazzurro_icaruswings:block/flax_stage4"
    },
    "age=5": {
      "model": "locusazzurro_icaruswings:block/flax_stage5"
    },
    "age=6": {
      "model": "locusazzurro_icaruswings:block/flax_stage6"
    },
    "age=7": {
      "model": "locusazzurro_icaruswings:block/flax_stage7"
    }
  }
}