{
	"credit": "Made with Blockbench",
	"parent": "item/handheld",
	"textures": {
		"layer0": "locusazzurro_icaruswings:item/artemis_launcher"
	},
	"display": {
		"thirdperson_righthand": {
			"rotation": [-50, 90, 0],
			"translation": [0.5, 3.25, 1]
		},
		"thirdperson_lefthand": {
			"rotation": [-50, -90, 0],
			"translation": [0, 3.25, 1]
		},
		"firstperson_righthand": {
			"rotation": [-50, 90, 0],
			"translation": [0, 7, 3.75]
		},
		"firstperson_lefthand": {
			"rotation": [-50, -90, 0],
			"translation": [0, 7, 3.75]
		},
		"head": {
			"rotation": [0, 0, 10],
			"translation": [-4.5, 13.5, 0],
			"scale": [2, 2, 2]
		}
	}
}