{
  "loader": "forge:obj",
  "model": "locusazzurro_icaruswings:models/item/demeter.obj",
  "flip_v": true,
  "display": {
    "firstperson_righthand": {
      "rotation": [-5,-3.5,5],
      "translation": [15.5,-10,3]
    },
    "firstperson_lefthand": {
      "rotation": [-5,-3.5,5],
      "translation": [0,-12,3]
    },
    "thirdperson_righthand": {
      "rotation": [0,-100,0],
      "translation": [-9,-6,8]
    },
    "thirdperson_lefthand": {
      "rotation": [0,80,0],
      "translation": [6.5,-6,11]
    },
    "ground": {
      "translation": [8,6,8]
    },
    "head": {
      "rotation": [0,0,25],
      "translation": [2.5,-12,2]
    },
    "gui": {
      "rotation": [0,0,-45],
      "translation": [-1.5,-7.5,0],
      "scale": [0.5,0.5,0.5]
    },
    "fixed": {
      "rotation": [0,0,-45],
      "translation": [-1.5,-7.5,4.9],
      "scale": [0.5,0.5,0.5]
    }
  }
}