{
  "parent": "locusazzurro_icaruswings:recipes/root",
  "rewards": {
    "recipes": [
      "locusazzurro_icaruswings:refined_beeswax_bar_from_blasting"
    ]
  },
  "criteria": {
    "has_beeswax_block": {
      "trigger": "minecraft:inventory_changed",
      "conditions": {
        "items": [
          {
            "items": ["locusazzurro_icaruswings:beeswax_block"]
          }
        ]
      }
    },
    "has_the_recipe": {
      "trigger": "minecraft:recipe_unlocked",
      "conditions": {
        "recipe": "locusazzurro_icaruswings:refined_beeswax_bar_from_blasting"
      }
    }
  },
  "requirements": [
    [
      "has_beeswax_block",
      "has_the_recipe"
    ]
  ]
}