{
  "parent": "locusazzurro_icaruswings:future/core_upgrade",
  "display": {
    "icon": {
      "item": "locusazzurro_icaruswings:hiyori_wings"
    },
    "title": {
      "translate": "advancements.locusazzurro_icaruswings.future.hiyori_wings.title"
    },
    "description": {
      "translate": "advancements.locusazzurro_icaruswings.future.hiyori_wings.description"
    },
    "frame": "challenge",
    "show_toast": true,
    "announce_to_chat": true,
    "hidden": true
  },
  "criteria": {
    "wings": {
      "trigger": "minecraft:inventory_changed",
      "conditions": {
        "items": [
          {
            "items": ["locusazzurro_icaruswings:hiyori_wings"]
          }
        ]
      }
    }
  },
  "requirements": [
    [
      "wings"
    ]
  ]
}