{
  "parent": "locusazzurro_icaruswings:future/root",
  "display": {
    "icon": {
      "item": "minecraft:paper"
    },
    "title": {
      "translate": "advancements.locusazzurro_icaruswings.future.paper_wings.title"
    },
    "description": {
      "translate": "advancements.locusazzurro_icaruswings.future.paper_wings.description"
    },
    "frame": "task",
    "show_toast": true,
    "announce_to_chat": true,
    "hidden": true
  },
  "criteria": {
    "paper_wings": {
      "trigger": "minecraft:inventory_changed",
      "conditions": {
        "items": [
          {
            "items": ["locusazzurro_icaruswings:paper_wings"]
          }
        ]
      }
    }
  },
  "requirements": [
    [
      "paper_wings"
    ]
  ]
}