{
  "parent": "locusazzurro_icaruswings:future/root",
  "display": {
    "icon": {
      "item": "locusazzurro_icaruswings:quantum_fuel"
    },
    "title": {
      "translate": "advancements.locusazzurro_icaruswings.future.quantum_fuel.title"
    },
    "description": {
      "translate": "advancements.locusazzurro_icaruswings.future.quantum_fuel.description"
    },
    "frame": "task",
    "show_toast": true,
    "announce_to_chat": true,
    "hidden": false
  },
  "criteria": {
    "fuel": {
      "trigger": "minecraft:inventory_changed",
      "conditions": {
        "items": [
          {
            "items": ["locusazzurro_icaruswings:quantum_fuel"]
          }
        ]
      }
    }
  },
  "requirements": [
    [
      "fuel"
    ]
  ]
}