{
  "parent": "locusazzurro_icaruswings:future/root",
  "display": {
    "icon": {
      "item": "locusazzurro_icaruswings:restored_fallen_relic_defensive"
    },
    "title": {
      "translate": "advancements.locusazzurro_icaruswings.future.restored_relic.title"
    },
    "description": {
      "translate": "advancements.locusazzurro_icaruswings.future.restored_relic.description"
    },
    "frame": "task",
    "show_toast": true,
    "announce_to_chat": true,
    "hidden": false
  },
  "criteria": {
    "relic": {
      "trigger": "minecraft:inventory_changed",
      "conditions": {
        "items": [
          {
            "tag": "locusazzurro_icaruswings:restored_fallen_relics"
          }
        ]
      }
    }
  },
  "requirements": [
    [
      "relic"
    ]
  ]
}