{
  "parent": "locusazzurro_icaruswings:future/restored_relic",
  "display": {
    "icon": {
      "item": "locusazzurro_icaruswings:synapse_chestplate"
    },
    "title": {
      "translate": "advancements.locusazzurro_icaruswings.future.synapse_armor.title"
    },
    "description": {
      "translate": "advancements.locusazzurro_icaruswings.future.synapse_armor.description"
    },
    "frame": "task",
    "show_toast": true,
    "announce_to_chat": true,
    "hidden": false
  },
  "criteria": {
    "armor": {
      "trigger": "minecraft:inventory_changed",
      "conditions": {
        "items": [
          {
            "tag": "locusazzurro_icaruswings:synapse_armor"
          }
        ]
      }
    }
  },
  "requirements": [
    [
      "armor"
    ]
  ]
}