{
  "parent": "locusazzurro_icaruswings:recipes/root",
  "rewards": {
    "recipes": [
      "locusazzurro_icaruswings:magic_wings"
    ]
  },
  "criteria": {
    "has_stone": {
      "trigger": "minecraft:inventory_changed",
      "conditions": {
        "items": [
          {
            "items": ["locusazzurro_icaruswings:philosopher_stone"]
          }
        ]
      }
    },
    "has_elytra": {
      "trigger": "minecraft:inventory_changed",
      "conditions": {
        "items": [
          {
            "items": ["minecraft:elytra"]
          }
        ]
      }
    },
    "has_the_recipe": {
      "trigger": "minecraft:recipe_unlocked",
      "conditions": {
        "recipe": "locusazzurro_icaruswings:magic_wings"
      }
    }
  },
  "requirements": [
    [
      "has_stone",
      "has_the_recipe"
    ],
    [
      "has_elytra",
      "has_the_recipe"
    ]
  ]
}