{
  "parent": "locusazzurro_icaruswings:recipes/root",
  "rewards": {
    "recipes": [
      "locusazzurro_icaruswings:paper_wings"
    ]
  },
  "criteria": {
    "has_paper": {
      "trigger": "minecraft:inventory_changed",
      "conditions": {
        "items": [
          {
            "items": ["minecraft:paper"]
          }
        ]
      }
    },
    "has_wood": {
      "trigger": "minecraft:inventory_changed",
      "conditions": {
        "items": [
          {
            "tag": "minecraft:planks"
          }
        ]
      }
    },
    "has_the_recipe": {
      "trigger": "minecraft:recipe_unlocked",
      "conditions": {
        "recipe": "locusazzurro_icaruswings:paper_wings"
      }
    }
  },
  "requirements": [
    [
      "has_paper",
      "has_the_recipe"
    ],
    [
      "has_wood",
      "has_the_recipe"
    ]
  ]
}