{
  "parent": "locusazzurro_icaruswings:recipes/root",
  "rewards": {
    "recipes": [
      "locusazzurro_icaruswings:zephir_essence_from_air",
      "locusazzurro_icaruswings:nether_essence_from_air",
      "locusazzurro_icaruswings:void_essence_from_air"
    ]
  },
  "criteria": {
    "has_air_zephir": {
      "trigger": "minecraft:inventory_changed",
      "conditions": {
        "items": [
          {
            "items": ["locusazzurro_icaruswings:zephir_air_jar"]
          }
        ]
      }
    },
    "has_air_nether": {
      "trigger": "minecraft:inventory_changed",
      "conditions": {
        "items": [
          {
            "items": ["locusazzurro_icaruswings:nether_air_jar"]
          }
        ]
      }
    },
    "has_air_void": {
      "trigger": "minecraft:inventory_changed",
      "conditions": {
        "items": [
          {
            "items": ["locusazzurro_icaruswings:void_air_jar"]
          }
        ]
      }
    },
    "has_phi_stone": {
      "trigger": "minecraft:inventory_changed",
      "conditions": {
        "items": [
          {
            "items": ["locusazzurro_icaruswings:philosopher_stone"]
          }
        ]
      }
    },
    "has_the_recipe": {
      "trigger": "minecraft:recipe_unlocked",
      "conditions": {
        "recipe": "locusazzurro_icaruswings:zephir_essence_from_air"
      }
    }
  },
  "requirements": [
    [
      "has_air_zephir",
      "has_air_nether",
      "has_air_void",
      "has_the_recipe"
    ],
    [
      "has_phi_stone",
      "has_the_recipe"
    ]
  ]
}