{
  "parent": "locusazzurro_icaruswings:recipes/root",
  "rewards": {
    "recipes": [
      "locusazzurro_icaruswings:colored_feather_bunch"
    ]
  },
  "criteria": {
    "has_red_feather": {
      "trigger": "minecraft:inventory_changed",
      "conditions": {
        "items": [
          {
            "items": ["locusazzurro_icaruswings:red_feather"]
          }
        ]
      }
    },
    "has_blue_feather": {
      "trigger": "minecraft:inventory_changed",
      "conditions": {
        "items": [
          {
            "items": ["locusazzurro_icaruswings:blue_feather"]
          }
        ]
      }
    },
    "has_green_feather": {
      "trigger": "minecraft:inventory_changed",
      "conditions": {
        "items": [
          {
            "items": ["locusazzurro_icaruswings:green_feather"]
          }
        ]
      }
    },
    "has_cyan_feather": {
      "trigger": "minecraft:inventory_changed",
      "conditions": {
        "items": [
          {
            "items": ["locusazzurro_icaruswings:cyan_feather"]
          }
        ]
      }
    },
    "has_gray_feather": {
      "trigger": "minecraft:inventory_changed",
      "conditions": {
        "items": [
          {
            "items": ["locusazzurro_icaruswings:gray_feather"]
          }
        ]
      }
    },
    "has_the_recipe": {
      "trigger": "minecraft:recipe_unlocked",
      "conditions": {
        "recipe": "locusazzurro_icaruswings:colored_feather_bunch"
      }
    }
  },
  "requirements": [
    [
      "has_red_feather",
	  "has_blue_feather",
	  "has_green_feather",
	  "has_cyan_feather",
	  "has_gray_feather",
      "has_the_recipe"
    ]
  ]
}