{
  "parent": "locusazzurro_icaruswings:recipes/root",
  "rewards": {
    "recipes": [
      "locusazzurro_icaruswings:feather_wings"
    ]
  },
  "criteria": {
    "has_feather_bunch": {
      "trigger": "minecraft:inventory_changed",
      "conditions": {
        "items": [
          {
            "items": ["locusazzurro_icaruswings:feather_bunch"]
          }
        ]
      }
    },
    "has_wax": {
      "trigger": "minecraft:inventory_changed",
      "conditions": {
        "items": [
          {
            "items": ["locusazzurro_icaruswings:beeswax"]
          }
        ]
      }
    },
    "has_the_recipe": {
      "trigger": "minecraft:recipe_unlocked",
      "conditions": {
        "recipe": "locusazzurro_icaruswings:feather_wings"
      }
    }
  },
  "requirements": [
    [
      "has_feather_bunch",
      "has_the_recipe"
    ],
    [
      "has_wax",
      "has_the_recipe"
    ]
  ]
}