{
  "parent": "locusazzurro_icaruswings:recipes/root",
  "rewards": {
    "recipes": [
      "locusazzurro_icaruswings:purpur_mixture"
    ]
  },
  "criteria": {
    "has_chorus": {
      "trigger": "minecraft:inventory_changed",
      "conditions": {
        "items": [
          {
            "items": ["minecraft:popped_chorus_fruit"]
          }
        ]
      }
    },
    "has_enderpearl": {
      "trigger": "minecraft:inventory_changed",
      "conditions": {
        "items": [
          {
            "items": ["minecraft:ender_pearl"]
          }
        ]
      }
    },
    "has_the_recipe": {
      "trigger": "minecraft:recipe_unlocked",
      "conditions": {
        "recipe": "locusazzurro_icaruswings:purpur_mixture"
      }
    }
  },
  "requirements": [
    [
      "has_chorus",
      "has_the_recipe"
    ],
    [
      "has_enderpearl",
      "has_the_recipe"
    ]
  ]
}