{
  "parent": "locusazzurro_icaruswings:recipes/root",
  "rewards": {
    "recipes": [
      "locusazzurro_icaruswings:steel_mixture"
    ]
  },
  "criteria": {
    "has_coal": {
      "trigger": "minecraft:inventory_changed",
      "conditions": {
        "items": [
          {
            "items": ["minecraft:coal"]
          }
        ]
      }
    },
    "has_iron": {
      "trigger": "minecraft:inventory_changed",
      "conditions": {
        "items": [
          {
            "items": ["minecraft:iron_ingot"]
          }
        ]
      }
    },
    "has_the_recipe": {
      "trigger": "minecraft:recipe_unlocked",
      "conditions": {
        "recipe": "locusazzurro_icaruswings:steel_mixture"
      }
    }
  },
  "requirements": [
    [
      "has_coal",
      "has_the_recipe"
    ],
    [
      "has_iron",
      "has_the_recipe"
    ]
  ]
}